Keyword,Google Ads Search Volume,Google Ads CPC,Google Ads Competition,Bing Ads Search Volume,Bing Ads CPC,Bing Ads Competition
digital marketing,33100,$1.42 ,High,,,
affiliate marketing,12100,$1.72 ,Medium,,,
influencer,27100,$0.71 ,High,,,
social media marketing,4400,$4.49 ,High,,,
network marketing,720,$0.84 ,High,,,
inbound marketing,880,$0.95 ,High,,,
marketing strategy,4400,$1.73 ,High,,,
email marketing,2400,$5.76 ,High,,,
content marketing,2400,$1.22 ,High,,,
market segmentation,1900,$2.23 ,High,,,
marketing management,2900,$0.22 ,High,,,
segmentation,2900,$1.95 ,High,,,
marketing plan,5400,$0.96 ,High,,,
online marketing,1000,$1.99 ,High,,,
ansoff matrix,1600,$0.01 ,High,,,
influencer marketing,1300,$2.01 ,High,,,
digital marketing agency,1900,$0.89 ,Medium,,,
hubspot academy,1000,$1.43 ,High,,,
target market,3600,$0.68 ,High,,,
neuromarketing,210,$1.49 ,High,,,
lead generation,590,$13.06 ,High,,,
brand equity,1900,$2.92 ,High,,,
trade marketing,390,$1.67 ,High,,,
guerilla marketing,1300,$0.21 ,High,,,
word of mouth,1600,$0.01 ,High,,,
direct marketing,3600,$0.64 ,High,,,
philip kotler,1900,$0.24 ,High,,,
multi level marketing,2900,$0.59 ,High,,,
brand awareness,3600,$0.43 ,High,,,
market analysis,880,$5.29 ,High,,,
martech,140,$0.01 ,High,,,
niche market,1900,$0.30 ,High,,,
b2b marketing,480,$2.23 ,High,,,
go to market strategy,880,$0.55 ,High,,,
competitor analysis,1900,$8.45 ,High,,,
performance marketing,390,$0.85 ,High,,,
marketing agency,1000,$1.59 ,High,,,
seo marketing,590,$0.47 ,High,,,
4ps of marketing,3600,$0.61 ,High,,,
facebook marketing,480,$0.51 ,High,,,
search engine marketing,1300,$1.30 ,High,,,
social marketing,480,$1.22 ,High,,,
e marketing,720,$0.32 ,High,,,
digital marketing company,90,$2.36 ,Medium,,,
seo agency,320,$1.56 ,High,,,
digital marketing services,110,$0.92 ,High,,,
advertising agency,1000,$0.94 ,High,,,
google digital marketing,390,$1.01 ,High,,,
omnisend,170,$0.40 ,High,,,
internet marketing,1900,$1.53 ,High,,,
green marketing,720,$0.01 ,High,,,
consumer behavior,1300,$0.66 ,High,,,
marcom,590,$1.17 ,High,,,
go to market,320,$0.33 ,High,,,
brand management,1000,$0.31 ,High,,,
marketing executive,2900,$0.03 ,High,,,
direct selling,2900,$0.01 ,High,,,
zoho campaigns,170,$1.25 ,High,,,
sales and marketing,390,$0.27 ,High,,,
cpa marketing,210,$0.80 ,High,,,
relationship marketing,880,$2.24 ,High,,,
outbound marketing,170,$1.06 ,High,,,
pay per click,1000,$0.84 ,High,,,
growth marketing,170,$8.82 ,High,,,
instagram marketing,590,$0.69 ,High,,,
marketing 4.0,880,$0.13 ,High,,,
integrated marketing communication,1300,$0.17 ,High,,,
viral marketing,1000,$1.85 ,High,,,
video marketing,480,$6.35 ,High,,,
sms marketing,140,$3.57 ,Medium,,,
funnelytics,140,$1.33 ,High,,,
principles of marketing,320,$0.05 ,High,,,
international marketing,260,$0.33 ,High,,,
earned media,320,$0.01 ,High,,,
product marketing,590,$0.31 ,High,,,
time to market,90,$0.28 ,High,,,
digital marketing strategy,1000,$3.75 ,High,,,
social media marketing agency,110,$2.50 ,High,,,
marketing environment,170,$0.60 ,High,,,
customer segmentation,1900,$3.72 ,High,,,
7ps of marketing,1600,$0.53 ,High,,,
brand strategy,1300,$2.92 ,High,,,
marketing communication,1900,$1.03 ,High,,,
mobile marketing,480,$0.81 ,High,,,
web marketing,140,$2.06 ,High,,,
marketing campaign,720,$1.09 ,High,,,
content strategy,480,$0.92 ,High,,,
marketing analytics,210,$7.55 ,High,,,
business marketing,480,$1.16 ,High,,,
marketeer,880,$2.53 ,High,,,
creative agency,1000,$0.71 ,High,,,
crm marketing,170,$8.93 ,High,,,
affiliate marketing websites,110,$1.35 ,Medium,,,
seo consultant,70,$1.51 ,High,,,
market intelligence,390,$2.89 ,High,,,
market development,880,$1.72 ,High,,,
service marketing,320,$1.42 ,High,,,
online advertising,480,$5.21 ,High,,,
buzz marketing,210,$0.01 ,High,,,
social media advertising,320,$1.30 ,High,,,
customer data platform,170,$21.42 ,High,,,
mlms,14800,$0.29 ,High,,,
marketing consultant,390,$1.29 ,High,,,
experiential marketing,590,$0.01 ,High,,,
brand marketing,590,$0.40 ,High,,,
display advertising,320,$0.17 ,High,,,
social media agency,480,$1.73 ,Medium,,,
rmr marketing,10,$0.01 ,High,,,
seo sem,480,$0.20 ,High,,,
integrated marketing,210,$0.16 ,High,,,
word of mouth marketing,590,$0.19 ,High,,,
marketing segmentation,210,$0.01 ,High,,,
ambush marketing,170,$0.01 ,High,,,
mass market,480,$0.01 ,High,,,
direct mail,320,$0.69 ,High,,,
paid media,140,$0.01 ,High,,,
plannet marketing,10,$0.13 ,High,,,
international marketing group,10,$0.01 ,High,,,
best affiliate programs,70,$1.22 ,High,,,
global marketing,210,$1.07 ,High,,,
omnichannel marketing,480,$5.26 ,High,,,
marketing specialist,140,$0.01 ,High,,,
sem marketing,140,$0.83 ,High,,,
ppc marketing,70,$0.28 ,High,,,
affiliate marketing programs,70,$2.54 ,High,,,
marketing collateral,260,$0.01 ,High,,,
7ps,170,$0.01 ,High,,,
marketing information system,210,$0.53 ,High,,,
total addressable market,210,$0.01 ,High,,,
event marketing,390,$0.97 ,High,,,
lead marketing,90,$0.30 ,High,,,
clickbank affiliate,90,$0.35 ,High,,,
marketing company,90,$1.72 ,High,,,
social media marketing strategy,320,$0.68 ,High,,,
marketing 5.0,880,$0.14 ,Medium,,,
linkedin marketing,90,$43.94 ,High,,,
hubspot blog,70,$0.01 ,High,,,
traditional marketing,1300,$0.25 ,High,,,
marketing process,110,$0.01 ,High,,,
retail marketing,70,$0.10 ,High,,,
affiliate marketing for beginners,30,$0.46 ,High,,,
advertising campaign,170,$12.64 ,High,,,
digital marketing specialist,210,$0.85 ,High,,,
social media campaign,390,$6.41 ,High,,,
sports marketing,70,$0.01 ,High,,,
product market,70,$0.01 ,High,,,
btl marketing,110,$0.01 ,High,,,
sales marketing,2900,$0.40 ,High,,,
mailchimp alternatives,90,$12.73 ,High,,,
referral marketing,210,$3.05 ,High,,,
consumer market,110,$0.01 ,High,,,
distribution strategy,110,$6.31 ,High,,,
network marketing companies,10,$2.51 ,High,,,
navistar direct marketing,10,$0.01 ,High,,,
ad agency,90,$0.68 ,High,,,
influencer marketing agency,40,$1.91 ,High,,,
paid search,90,$0.77 ,High,,,
data driven marketing,110,$8.94 ,High,,,
internal marketing,140,$0.01 ,High,,,
cpm marketing,70,$0.01 ,High,,,
promotion strategy,260,$1.02 ,High,,,
marketing department,170,$0.26 ,High,,,
e market,260,$0.37 ,High,,,
thinkwithgoogle,720,$0.15 ,High,,,
media marketing,170,$2.52 ,High,,,
atl btl,590,$0.01 ,High,,,
social media plan,590,$3.79 ,High,,,
market facebook,260,$0.22 ,High,,,
differentiated marketing,390,$0.19 ,High,,,
seo agency interamplify,10,$0.01 ,High,,,
massdrop marketing,10,$0.01 ,High,,,
marketing channel,720,$1.28 ,High,,,
market development strategy,110,$0.01 ,High,,,
cause related marketing,110,$0.01 ,High,,,
cost per acquisition,170,$0.01 ,High,,,
marketing analysis,170,$12.95 ,High,,,
marketing intelligence,480,$2.40 ,High,,,
mlm marketing,70,$0.09 ,High,,,
market agent,10,$0.01 ,High,,,
4 p's,5400,$0.07 ,High,,,
digital marketing consultant,110,$0.57 ,High,,,
cause marketing,40,$0.01 ,High,,,
scope of marketing,40,$0.01 ,High,,,
marketing 3.0,140,$0.38 ,High,,,
pay per click advertising,70,$2.28 ,High,,,
promotion in marketing,210,$3.88 ,High,,,
holistic marketing,170,$0.22 ,High,,,
roi marketing,110,$0.01 ,High,,,
smart marketing,140,$0.17 ,High,,,
undifferentiated marketing,390,$0.31 ,High,,,
affiliate link,140,$0.28 ,High,,,
marketing management by philip kotler,170,$0.35 ,High,,,
emarketing,70,$0.13 ,High,,,
jay abraham,90,$0.01 ,High,,,
marketing budget,210,$1.58 ,High,,,
direct response marketing,70,$0.32 ,High,,,
marketing activities,170,$0.34 ,High,,,
smart market,70,$0.01 ,High,,,
consumer insights,260,$4.06 ,High,,,
abm marketing,10,$0.43 ,High,,,
email campaign,90,$5.34 ,High,,,
data marketing,50,$0.01 ,High,,,
tiktok marketing,320,$1.13 ,High,,,
concentrated marketing,320,$0.01 ,High,,,
permission marketing,70,$0.01 ,High,,,
email blast,1300,$5.32 ,High,,,
media agency,110,$0.68 ,High,,,
advertising company,110,$0.94 ,High,,,
shopper marketing,40,$0.01 ,High,,,
field marketing,90,$0.01 ,High,,,
drip campaign,70,$0.01 ,High,,,
interactive marketing,170,$11.50 ,High,,,
drip marketing,320,$0.01 ,High,,,
target customer,210,$5.19 ,High,,,
direct mail marketing,480,$8.98 ,High,,,
atl marketing,70,$0.01 ,High,,,
klaviyo pricing,20,$0.49 ,High,,,
lead generation companies,20,$3.35 ,High,,,
digital pr,140,$0.01 ,High,,,
digitalni marketing,33100,$1.42 ,High,,,
b2c marketing,40,$0.01 ,High,,,
storytelling marketing,140,$0.33 ,High,,,
ecommerce marketing,170,$0.62 ,High,,,
multi level marketing companies,20,$0.01 ,High,,,
market environment,30,$0.01 ,High,,,
content marketing strategy,110,$0.90 ,High,,,
real time marketing,20,$0.01 ,High,,,
euromonitor passport,70,$0.01 ,High,,,
email marketing strategy,50,$1.47 ,High,,,
amazon marketing,40,$0.01 ,High,,,
sustainable marketing,170,$2.20 ,High,,,
brand strategist,110,$0.01 ,High,,,
intellifluence,320,$1.15 ,High,,,
marketing audit,40,$0.01 ,High,,,
b2b lead generation,20,$8.36 ,High,,,
market entry strategy,390,$0.01 ,High,,,
marketmuse,40,$0.01 ,High,,,
digital marketing for dummies,140,$4.22 ,Medium,,,
saturated market,140,$0.01 ,High,,,
internet marketing company,10,$0.01 ,High,,,
micromarketing,110,$0.01 ,High,,,
business to business marketing,30,$0.01 ,High,,,
online marketing agency,10,$1.56 ,High,,,
small business marketing,30,$0.19 ,High,,,
marketing and advertising,50,$1.10 ,High,,,
database marketing,210,$0.60 ,High,,,
agile marketing,70,$0.01 ,High,,,
creative marketing,320,$0.44 ,High,,,
4ps marketing,70,$0.01 ,High,,,
hubspot marketing,20,$0.01 ,High,,,
social media optimization,140,$0.77 ,High,,,
pardot salesforce,20,$0.79 ,High,,,
shopify email,20,$2.15 ,High,,,
kotler marketing,40,$0.01 ,High,,,
seo digital marketing,320,$0.72 ,High,,,
digital marketing plan,260,$1.07 ,High,,,
pricing strategies in marketing,90,$0.15 ,High,,,
digital media marketing,140,$0.92 ,High,,,
freelance digital marketing,260,$0.96 ,Medium,,,
network marketing kya hai,10,$0.01 ,High,,,
local marketing,30,$0.05 ,High,,,
advertising media,390,$1.09 ,High,,,
pragmatic marketing,10,$0.01 ,High,,,
cpc marketing,20,$0.01 ,High,,,
marketing management is,20,$0.01 ,High,,,
best seo company,10,$1.49 ,High,,,
cac marketing,90,$0.01 ,High,,,
google market finder,70,$0.04 ,High,,,
seo and sem,140,$0.45 ,High,,,
digital marketing executive,50,$0.01 ,High,,,
peerfly,110,$0.50 ,High,,,
offline marketing,140,$0.36 ,High,,,
pr marketing,210,$0.06 ,High,,,
tourism marketing,110,$0.36 ,High,,,
marketing is,1300,$0.19 ,High,,,
marketing 101,90,$0.51 ,High,,,
affiliate marketing companies,10,$0.73 ,High,,,
influencer agency,140,$4.16 ,Medium,,,
apa itu digital marketing,4400,$0.30 ,High,,,
marketing firm,30,$0.92 ,High,,,
marketing team,140,$0.13 ,High,,,
direct selling company,10,$0.01 ,High,,,
email marketing platforms,40,$9.45 ,Medium,,,
network marketing business,20,$1.94 ,High,,,
online marketing,1000,$1.99 ,High,,,
digital marketing agency,1900,$0.89 ,Medium,,,
marketing agency,1000,$1.59 ,High,,,
digital marketing company,90,$2.36 ,Medium,,,
digital marketing services,110,$0.92 ,High,,,
google digital marketing,390,$1.01 ,High,,,
internet marketing,1900,$1.53 ,High,,,
marketing 4.0,880,$0.13 ,High,,,
digital marketing strategy,1000,$3.75 ,High,,,
social media marketing agency,110,$2.50 ,High,,,
online advertising,480,$5.21 ,High,,,
display advertising,320,$0.17 ,High,,,
social media agency,480,$1.73 ,Medium,,,
traditional marketing,1300,$0.25 ,High,,,
digital marketing specialist,210,$0.85 ,High,,,
google garage digital marketing,30,$2.73 ,High,,,
digital pr,140,$0.01 ,High,,,
digital marketing for dummies,140,$4.22 ,Medium,,,
internet marketing company,10,$0.01 ,High,,,
online marketing agency,10,$1.56 ,High,,,
seo digital marketing,320,$0.72 ,High,,,
digital media marketing,140,$0.92 ,High,,,
marketing firm,30,$0.92 ,High,,,
digital marketing nexa,10,$0.01 ,High,,,
digital branding,480,$0.66 ,High,,,
digital garage google,5400,$0.30 ,High,,,
best digital marketing agency,20,$0.01 ,High,,,
social media marketing companies,10,$2.08 ,High,,,
online marketing business,30,$0.01 ,High,,,
udemy digital marketing,90,$1.00 ,High,,,
internet marketing agency,10,$0.01 ,High,,,
digital marketing campaign,110,$1.68 ,High,,,
internet marketing service,110,$0.01 ,High,,,
local online marketing,10,$0.01 ,High,,,
digital campaign,320,$5.41 ,High,,,
ecommerce agency,70,$0.44 ,High,,,
lapaas,10,$0.01 ,High,,,
online marketing strategy,110,$3.33 ,High,,,
digital marketing strategist,90,$0.52 ,High,,,
digital marketing expert,70,$0.85 ,High,,,
online marketing companies,10,$0.01 ,High,,,
digital marketing website,110,$0.70 ,High,,,
digital marketing business,50,$4.91 ,High,,,
digital marketing analytics,40,$16.52 ,High,,,
top social media marketing companies,10,$0.01 ,Medium,,,
best digital marketing company,10,$0.01 ,High,,,
top marketing agencies,10,$2.12 ,High,,,
digital network marketing,90,$0.63 ,Low,,,
agency marketing,140,$3.20 ,High,,,
online digital marketing,70,$1.44 ,Medium,,,
coursera digital marketing,50,$0.92 ,High,,,
top digital marketing agency,10,$0.01 ,High,,,
pmg digital agency,10,$0.01 ,High,,,
digital marketing agency nexa,10,$0.01 ,High,,,
digital marketing solutions,40,$0.94 ,High,,,
digital agencies,1900,$1.60 ,Medium,,,
digital marketing packages,10,$0.01 ,High,,,
digital display advertising,20,$0.01 ,Low,,,
top digital marketing companies,10,$0.01 ,High,,,
seo digital agency primelis,10,$0.01 ,High,,,
digital marketing content,70,$1.23 ,High,,,
digital marketing 2021,70,$0.01 ,High,,,
top marketing companies,10,$0.01 ,High,,,
digital marketing google garage,50,$0.60 ,High,,,
digital marketing ads,50,$6.03 ,High,,,
ppc management,10,$0.01 ,High,,,
digital and social media marketing,20,$0.73 ,Medium,,,
digital marketing arena,10,$0.01 ,High,,,
digital marketing for small business,20,$0.77 ,High,,,
small business marketing agency,10,$0.01 ,High,,,
marketing en ligne,10,$0.01 ,High,,,
best marketing agencies,10,$0.01 ,High,,,
content marketing agency,10,$1.58 ,High,,,
8 ps,20,$0.01 ,High,,,
real estate digital marketing,20,$0.01 ,High,,,
digital marketing for beginners,20,$0.40 ,High,,,
digital creative agency,90,$0.54 ,High,,,
digital marketing 101,70,$0.92 ,Medium,,,
digital marketing services list,10,$0.01 ,High,,,
b2b digital marketing,50,$2.41 ,High,,,
online marketing specialist,10,$0.01 ,High,,,
digital advertising companies,10,$0.60 ,Medium,,,
marketing digital 2021,10,$0.01 ,High,,,
best digital marketing,10,$0.39 ,High,,,
digital promotion,90,$0.11 ,High,,,
seo agency layton,10,$0.01 ,High,,,
ppc agency nexa,10,$0.01 ,High,,,
ecommerce marketing agency,10,$0.01 ,High,,,
digital marketing firms,10,$0.01 ,High,,,
digital marketing pricing packages,10,$0.01 ,Low,,,
internet marketing strategy,30,$0.33 ,High,,,
facebook digital marketing,70,$0.62 ,High,,,
best digital marketing services,10,$0.01 ,High,,,
digigrad,10,$0.01 ,High,,,
advertising firm,10,$0.01 ,High,,,
sem digital marketing,50,$0.45 ,High,,,
digital media companies,20,$0.01 ,High,,,
blushark digital,10,$0.01 ,High,,,
digital marketing garage,10,$0.01 ,High,,,
online advertising companies,10,$0.01 ,High,,,
digital agency website,40,$0.40 ,Medium,,,
certified digital marketing professional,20,$4.37 ,Medium,,,
digital content strategy,20,$0.01 ,High,,,
amsive,0,$0.01 ,High,,,
digital agency services,20,$0.54 ,Medium,,,
digital marketing industry,10,$0.01 ,High,,,
digital marketing consultancy,110,$0.57 ,High,,,
best digital agency,20,$0.01 ,High,,,
simbound,10,$0.01 ,High,,,
search marketing company,10,$0.01 ,High,,,
integrated digital marketing,90,$0.29 ,High,,,
udemy social media marketing,10,$1.34 ,High,,,
social media digital marketing,140,$0.80 ,High,,,
creative digital agency,70,$0.86 ,High,,,
online marketing services,10,$0.01 ,High,,,
hubspot digital marketing,20,$0.17 ,High,,,
marketing 4.0 philip kotler,50,$0.04 ,High,,,
pouya eti,10,$0.01 ,High,,,
fwd digital marketing,10,$0.01 ,High,,,
kotler marketing 4.0,10,$0.01 ,High,,,
ecommerce digital marketing,50,$0.69 ,High,,,
ppc digital marketing,20,$0.53 ,High,,,
digital media strategy,10,$0.01 ,High,,,
digital web agency,10,$0.01 ,High,,,
digital marketing 2020,10,$0.01 ,High,,,
digital marketing is,720,$0.68 ,High,,,
website marketing company,10,$0.01 ,High,,,
digital marketing advertising,40,$0.30 ,High,,,
digitaltrainee,10,$0.01 ,High,,,
seo and digital marketing,10,$0.01 ,High,,,
digital marketing modules,10,$0.01 ,High,,,
dave chaffey,30,$0.01 ,High,,,
online marketing campaign,10,$0.01 ,High,,,
seo digital agency,10,$0.01 ,High,,,
marketing agency website,10,$0.01 ,High,,,
online marketing solutions,10,$0.01 ,High,,,
piidm,10,$0.01 ,Low,,,
fiverr digital marketing,10,$0.20 ,High,,,
google adwords ppc,10,$0.01 ,High,,,
amazon ppc management,10,$0.01 ,Low,,,
digital marketing professional,30,$0.01 ,High,,,
top digital agency,10,$0.01 ,High,,,
paid media marketing,10,$0.01 ,High,,,
interactive agency,10,$0.01 ,High,,,
creative digital marketing,110,$0.39 ,High,,,
digital marketing management,210,$0.40 ,High,,,
display advertising agency,10,$0.01 ,High,,,
360 digital marketing,30,$0.01 ,High,,,
online display advertising,10,$0.01 ,High,,,
online marketing expert,10,$0.01 ,High,,,
digital marketing communication,90,$0.01 ,High,,,
direct and digital marketing,20,$0.01 ,High,,,
amsive digital,10,$0.01 ,High,,,
digital marketing services company,10,$0.01 ,High,,,
creative digital marketing agency,10,$0.50 ,Medium,,,
marketing digital 360,10,$0.01 ,High,,,
digital marketing subjects,10,$0.01 ,High,,,
cardinal digital marketing,10,$0.01 ,High,,,
top marketing firms,10,$0.01 ,High,,,
digital marketing dashboard,20,$0.01 ,High,,,
eureka digital marketing,10,$0.01 ,High,,,
ppc management agency,10,$0.01 ,High,,,
ppc management company,10,$0.01 ,High,,,
internet marketing experts,10,$0.01 ,High,,,
hotel digital marketing,40,$0.33 ,High,,,
marketing digital seo,10,$0.01 ,High,,,
online marketing websites,10,$0.01 ,High,,,
digital marker,10,$0.01 ,High,,,
agence digital marketing,10,$0.01 ,High,,,
digiyes digital marketing,10,$0.01 ,High,,,
digital marketing video,30,$0.44 ,High,,,
digital marketing agency website,10,$0.01 ,High,,,
digital marketing for doctors,10,$0.01 ,Medium,,,
best online marketing,10,$0.01 ,High,,,
lead generation digital marketing,10,$1.75 ,High,,,
amazon digital marketing,10,$0.01 ,High,,,
seo digital marketing agency,10,$0.01 ,High,,,
seo marketing firm,10,$0.01 ,High,,,
ecommerce digital marketing agency,10,$0.01 ,Low,,,
social media marketing 2021,10,$0.01 ,High,,,
online marketing firm,10,$0.01 ,High,,,
linkedin digital marketing,40,$1.28 ,High,,,
web marketing company,10,$0.01 ,High,,,
real estate digital marketing agency,10,$0.36 ,High,,,
best digital marketing campaigns 2020,10,$0.01 ,High,,,
dilate digital,10,$0.01 ,High,,,
digital googly,0,$0.01 ,High,,,
digital marketing landscape,20,$0.52 ,High,,,
social marketing agency,10,$0.01 ,High,,,
digital strategy agency,10,$0.01 ,High,,,
digital marketing reddit,10,$0.01 ,High,,,
adwords ppc management,10,$0.01 ,High,,,
digital marketing for startups,50,$1.06 ,High,,,
online advertising websites,10,$0.01 ,High,,,
digital media advertising,40,$17.03 ,High,,,
digital scaling agency,10,$0.01 ,High,,,
online marketing services company,10,$0.01 ,High,,,
dam marketing,10,$0.01 ,High,,,
seo marketing agency,10,$0.01 ,High,,,
hubspot agency nexa,0,$0.01 ,High,,,
marketing digital influencer,10,$0.01 ,High,,,
digital marketing overview,10,$0.01 ,High,,,
automotive digital marketing,10,$0.01 ,High,,,
boutique marketing agency,10,$0.01 ,High,,,
adox global,10,$0.01 ,High,,,
sem ppc,10,$0.01 ,High,,,
digital advertising agencies,10,$0.68 ,High,,,
explain digital marketing,10,$0.01 ,High,,,
media marketing agency,10,$0.01 ,High,,,
google certified digital marketing,210,$2.00 ,High,,,
marketing transformation,10,$0.01 ,High,,,
npdigital,10,$0.01 ,High,,,
internet marketing solutions,10,$0.01 ,High,,,
digital media agency,10,$1.74 ,High,,,
digital marketing and social media marketing,10,$0.01 ,High,,,
ecommerce ppc management,10,$0.01 ,High,,,
social media marketing agency for small business,10,$0.01 ,High,,,
marketing strategy agency,10,$0.31 ,Medium,,,
search engine marketing firm,10,$0.01 ,High,,,
search marketing experts,10,$0.01 ,High,,,
best marketing company,10,$0.01 ,High,,,
digital marketing 360,10,$0.01 ,High,,,
digital marketing services for small business,10,$0.01 ,High,,,
digital marketing slideshare,10,$0.01 ,High,,,
digital marketing agency for startups,10,$1.88 ,High,,,
digital marketing quora,20,$0.01 ,High,,,
crm digital marketing,50,$2.02 ,High,,,
social media services nexa,0,$0.01 ,High,,,
edx digital marketing,10,$4.38 ,High,,,
social media marketing firm,10,$0.01 ,High,,,
google online marketing,10,$0.01 ,High,,,
niht digital marketing,10,$0.01 ,High,,,
seo digital company,10,$0.01 ,High,,,
best digital marketing websites,10,$0.01 ,High,,,
best seo marketing companies,10,$0.01 ,High,,,
website marketing agency,10,$0.01 ,High,,,
local marketing agency,10,$0.01 ,Medium,,,
seo internet marketing,10,$0.01 ,High,,,
e commerce and digital marketing,10,$0.86 ,High,,,
online video advertising,10,$0.01 ,High,,,
online marketing companies list,10,$0.01 ,High,,,
social digital marketing,20,$1.82 ,High,,,
digital marketing coach,10,$0.01 ,Medium,,,
best digital marketing agency websites,10,$0.01 ,High,,,
local digital marketing,10,$0.01 ,High,,,
digital marketing plans,260,$1.07 ,High,,,
veerendra chowdary digital marketing,0,$0.01 ,High,,,
top digital marketing services,10,$0.01 ,High,,,
digitizal,0,$0.01 ,High,,,
web digital marketing,30,$3.10 ,Medium,,,
online advertising agency,10,$2.37 ,High,,,
digital marketing analysis,20,$0.01 ,High,,,
cim digital marketing,10,$0.01 ,High,,,
digital marketing agency for small business,20,$0.01 ,High,,,
inbound digital marketing,10,$0.01 ,High,,,
digital advertising services,10,$0.01 ,High,,,
adwords ppc,10,$1.02 ,High,,,
certified digital marketer,170,$4.87 ,Medium,,,
nus digital marketing,40,$2.27 ,High,,,
internet marketing websites,10,$0.01 ,High,,,
top content marketing agencies,10,$0.01 ,High,,,
local digital marketing agency,10,$10.89 ,High,,,
b2b digital marketing agency,10,$1.63 ,Medium,,,
digital media marketing companies,10,$0.01 ,High,,,
internet marketing business,10,$0.01 ,High,,,
digital marketing and advertising,10,$0.01 ,High,,,
paid media agency,10,$0.01 ,High,,,
propelrr,10,$0.01 ,High,,,
digital marketing lead,40,$2.26 ,High,,,
seo smm,10,$0.01 ,High,,,
digital content agency,10,$0.01 ,High,,,
digital marketing for dentists,10,$0.01 ,High,,,
internet advertising agency,10,$0.01 ,High,,,
hospitality marketing agency,10,$1.85 ,Medium,,,
digital marketing nanodegree,10,$0.01 ,High,,,
hello digital marketing,10,$0.01 ,High,,,
yashus digital marketing,0,$0.01 ,High,,,
seo digital,20,$0.01 ,High,,,
full stack digital marketing,50,$0.46 ,High,,,
digital marketing service provider,10,$0.01 ,High,,,
b2b digital,10,$2.49 ,High,,,
purwadhika digital marketing,320,$0.95 ,Medium,,,
google digital garage digital marketing,20,$0.01 ,High,,,
rankraze,0,$0.01 ,High,,,
360 marketing digital,10,$0.01 ,High,,,
digital brand management,10,$0.01 ,High,,,
digital marketing influencers,10,$2.36 ,High,,,
content marketing firm,10,$0.01 ,High,,,
best internet marketing company,10,$0.01 ,High,,,
best digital marketing campaigns,10,$0.01 ,High,,,
digital marketing transformation,10,$0.77 ,High,,,
understanding digital marketing,10,$0.01 ,High,,,
digital lead generation,10,$0.01 ,High,,,
full service digital marketing,10,$0.01 ,High,,,
best social media marketing agency,10,$0.01 ,High,,,
online marketing seo services,10,$0.01 ,High,,,
rmit digital marketing,10,$0.01 ,High,,,
google digital marketing garage,20,$0.01 ,High,,,
boutique digital marketing agency,10,$0.01 ,High,,,
local internet marketing,10,$0.01 ,High,,,
search marketing agencies,10,$0.01 ,High,,,
web marketing agency,10,$0.01 ,High,,,
best social media agency,10,$0.01 ,High,,,
uppskill,10,$0.01 ,High,,,
digital marketing details,10,$3.04 ,High,,,
full service digital agency,10,$1.11 ,Medium,,,
online advertising costs,10,$0.01 ,High,,,
shoutnhike,10,$0.01 ,High,,,
internet marketing firm,10,$0.01 ,High,,,
oh puhleeez digital marketing solutions,0,$0.01 ,High,,,
fdm marketing digital,10,$0.01 ,High,,,
global digital marketing,10,$0.01 ,High,,,
marketing for doctors,10,$0.01 ,High,,,
digital marketing and analytics,10,$0.78 ,High,,,
digital marketing strategy agency,10,$0.01 ,High,,,
digital brand strategy,40,$0.72 ,High,,,
inbound marketing agencies,10,$0.01 ,Low,,,
social media ad agency,10,$0.84 ,High,,,
digital ad agencies,20,$0.76 ,Medium,,,
full service digital marketing agency,10,$0.01 ,High,,,
pharma digital marketing,10,$0.01 ,High,,,
ecommerce digital agency,10,$0.01 ,High,,,
sem marketing companies,10,$0.01 ,High,,,
digital mkt,10,$1.84 ,High,,,
internet digital marketing,170,$0.65 ,Medium,,,
digital marketing strategy for a brand,10,$0.01 ,High,,,
meraqi digital,10,$0.01 ,High,,,
digital marketing is same as,0,$0.01 ,High,,,
digital marketing dave chaffey,30,$0.01 ,High,,,
best online marketing company,10,$0.01 ,High,,,
best marketing agency websites,10,$0.01 ,High,,,
seo sem digital marketing,90,$0.99 ,High,,,
digidir,10,$0.01 ,High,,,
digital marketing and traditional marketing,10,$0.01 ,High,,,
ai digital marketing,10,$0.97 ,High,,,
best search engine marketing company,10,$0.01 ,High,,,
nike digital marketing,10,$0.01 ,High,,,
digital marketing for financial services,10,$0.01 ,High,,,
brandhype,110,$0.19 ,High,,,
small business online marketing,10,$0.01 ,High,,,
organic digital marketing,10,$0.01 ,High,,,
digital advertising strategy,10,$0.01 ,High,,,
successful digital marketing campaigns,10,$0.01 ,High,,,
digital content marketing agency,10,$0.01 ,High,,,
digital media marketing agency,10,$0.01 ,High,,,
online digital marketing agency,10,$0.01 ,Medium,,,
digital marketing hub,10,$0.01 ,High,,,
advanced digital marketing,10,$0.92 ,High,,,
digital marketing pricing,10,$0.01 ,High,,,
perusahaan digital marketing,320,$0.83 ,High,,,
seo internet marketing services,10,$0.01 ,High,,,
mdu marketing digital,0,$0.01 ,High,,,
search engine marketing companies,10,$0.01 ,High,,,
digital content marketing strategy,10,$0.01 ,High,,,
google squared online,10,$0.01 ,High,,,
neuromarketing digital,10,$0.01 ,High,,,
e marketing strategy,10,$0.01 ,High,,,
digital marketing online marketing,10,$0.01 ,High,,,
best digital campaigns,10,$0.01 ,High,,,
illustrake,0,$0.01 ,High,,,
builderall 4.0,10,$0.01 ,High,,,
digimarketing,30,$0.01 ,High,,,
search engine marketers,1300,$1.30 ,High,,,
web marketing expert,10,$0.01 ,High,,,
best marketing firms,10,$0.01 ,High,,,
e marketing is the same as,0,$0.01 ,High,,,
traditional and digital marketing,10,$0.01 ,High,,,
retail digital marketing,10,$11.40 ,High,,,
sem agency,10,$2.45 ,High,,,
didm pitampura,10,$0.01 ,High,,,
seo digital marketing company,10,$0.01 ,High,,,
small business internet marketing,10,$0.01 ,High,,,
digital analytics agency,10,$0.01 ,High,,,
dooh marketing,10,$0.01 ,High,,,
best digital agency websites,10,$0.01 ,High,,,
local seo marketing agency,0,$0.01 ,High,,,
digital advertising specialist,10,$0.01 ,High,,,
outsource digital marketing,10,$1.41 ,Low,,,
best content marketing agencies,10,$0.01 ,Medium,,,
paid digital marketing,10,$0.01 ,High,,,
biggest digital marketing companies,10,$0.01 ,High,,,
digitalen marketing,10,$0.01 ,High,,,
digital marketing social media marketing,10,$0.01 ,High,,,
business to business marketing agency,10,$0.01 ,High,,,
online ad agency,10,$0.01 ,High,,,
scorpion digital marketing,0,$0.01 ,High,,,
digital advertising display,10,$0.01 ,High,,,
simon kingsnorth,10,$0.33 ,Medium,,,
internet marketing online,10,$0.01 ,High,,,
digital real estate marketing,10,$0.01 ,High,,,
restaurant digital marketing,10,$0.01 ,High,,,
top internet marketing companies,10,$0.01 ,High,,,
grow your business with digital marketing,10,$0.01 ,High,,,
affordable digital marketing agency,10,$0.01 ,High,,,
affordable digital marketing services,10,$0.01 ,High,,,
internet advertising company,10,$0.01 ,High,,,
inquivix,40,$0.01 ,High,,,
top digital marketing,10,$0.61 ,High,,,
online marketing for beginners,10,$0.01 ,High,,,
skillshare digital marketing,10,$3.92 ,High,,,
agentie digital marketing,0,$0.01 ,High,,,
paid social media agency,0,$0.01 ,High,,,
online digital marketing company,10,$0.01 ,High,,,
digital marketing agency price list,10,$0.74 ,High,,,
digital marketing strategy 2021,10,$0.01 ,High,,,
ppc management firm,10,$0.01 ,High,,,
ecommerce ppc agency,10,$0.01 ,High,,,
5ds of digital marketing,10,$0.01 ,High,,,
local internet marketing company,10,$0.01 ,High,,,
best online advertising,10,$0.01 ,High,,,
hvac digital marketing,10,$0.01 ,High,,,
adobe digital marketing,10,$0.01 ,High,,,
lapaas digital marketing,10,$0.01 ,High,,,
geekschip,10,$0.01 ,High,,,
digital marketing materials,10,$0.01 ,High,,,
online marketing for dentists,10,$0.01 ,High,,,
digital marketing is the same as,10,$0.01 ,High,,,
digital marketing partner,10,$0.67 ,High,,,
top online marketing companies,10,$0.01 ,High,,,
international digital marketing,10,$0.01 ,High,,,
digital pr strategy,10,$0.01 ,High,,,
effective digital marketing strategy,10,$0.01 ,High,,,
reboot online marketing,10,$0.01 ,High,,,
digital media and marketing,10,$0.01 ,High,,,
need of digital marketing,10,$0.01 ,High,,,
content marketing agency services,10,$0.01 ,High,,,
2ps digitalmarketing com,0,$0.01 ,High,,,
blackhawk digital marketing,10,$0.01 ,High,,,
digital marketing customer journey,50,$6.06 ,High,,,
digital marketing landing page,20,$0.93 ,High,,,
direct digital marketing,10,$0.01 ,High,,,
digital marketing field,10,$0.01 ,High,,,
digital branding company,10,$0.01 ,High,,,
doubleclick digital marketing,10,$0.01 ,High,,,
best digital campaigns 2020,10,$0.01 ,High,,,
online marketing is,30,$0.01 ,High,,,
seo and internet marketing firm,10,$0.01 ,High,,,
digital marketing creative ads,10,$0.01 ,High,,,
digital marketing agency services,10,$0.01 ,High,,,
digital marketing seo agency,10,$0.54 ,High,,,
digital agency marketing,10,$0.01 ,High,,,
ecommerce website agency,10,$0.01 ,High,,,
top digital advertising companies,10,$0.01 ,High,,,
corporate digital marketing,10,$0.01 ,High,,,
digital marketing and branding,10,$0.01 ,High,,,
ecommerce digital,10,$0.01 ,High,,,
forever digital marketing,0,$0.01 ,High,,,
digital marketing guru,10,$0.01 ,High,,,
know online advertising,10,$0.01 ,High,,,
boutique social media agency,10,$0.01 ,High,,,
digital marketing iim,10,$0.01 ,High,,,
flume digital marketing,0,$0.01 ,High,,,
medical digital marketing,10,$0.01 ,Low,,,
b2b digital agency,10,$0.01 ,Low,,,
digital corsel,10,$0.01 ,High,,,
basic digital marketing,90,$2.14 ,High,,,
digital marketing agency ads,10,$11.67 ,High,,,
seowp,10,$0.68 ,High,,,
itcan digital marketing,0,$0.01 ,High,,,
real estate digital marketing services,10,$0.01 ,High,,,
the marketing agency,10,$0.01 ,High,,,
digital marketing services agency,10,$0.01 ,Low,,,
pharmaceutical digital marketing,10,$0.08 ,High,,,
sem marketing agency,10,$0.01 ,High,,,
web marketing firm,10,$0.01 ,High,,,
sgus digital marketing,10,$0.01 ,High,,,
netpedia social media marketing,170,$0.01 ,Medium,,,
digital marketing after 12th,10,$0.01 ,High,,,
digital marketing for real estate agents,10,$0.01 ,Medium,,,
smm digital marketing,10,$0.01 ,High,,,
marketing and digital marketing,10,$0.01 ,High,,,
google ads marketing agency,10,$2.46 ,High,,,
digital media campaign,10,$0.01 ,High,,,
saas digital marketing,10,$0.01 ,High,,,
online marketing management,10,$0.73 ,High,,,
search marketing firm,10,$0.01 ,High,,,
creative web agency,10,$0.01 ,High,,,
digital marketing facebook ads,20,$0.65 ,High,,,
search engine marketing agencies,10,$0.01 ,High,,,
digital marketing for plumbers,0,$0.01 ,High,,,
marketing digital ecommerce,10,$0.01 ,High,,,
write for us hello digital marketing,10,$0.01 ,High,,,
digituall,0,$0.01 ,High,,,
best ppc management company,10,$0.01 ,High,,,
digital marketing promotion,10,$1.31 ,High,,,
ibm digital marketing,10,$0.01 ,High,,,
b2b digital marketing strategy,20,$8.13 ,High,,,
use of digital marketing,10,$0.01 ,High,,,
google marketing garage,10,$0.82 ,High,,,
top digital marketing experts,10,$0.01 ,High,,,
ecommerce advertising agency,10,$0.01 ,High,,,
digital video advertising,10,$0.01 ,Low,,,
russ henneberry,10,$0.01 ,High,,,
digital marketing entrepreneur,20,$0.19 ,High,,,
ankur agarwal digital marketing,10,$0.01 ,High,,,
digiengland,0,$0.01 ,High,,,
seo and internet marketing services,10,$0.01 ,High,,,
ppc management pricing,10,$0.01 ,High,,,
digital b2b,10,$0.01 ,High,,,
american eagle digital marketing,0,$0.01 ,High,,,
cara jadi dropship di shopee,1900,$0.34 ,Low,,,
cara jualan di blibli,170,$0.20 ,High,,,
cara berjualan di etsy,140,$2.62 ,High,,,
mau jualan tapi gak ada modal,90,$0.27 ,Low,,,
jualan dropship,90,$0.41 ,Low,,,
cara jual baju di shopee,110,$0.26 ,Low,,,
jualan di facebook marketplace,90,$0.47 ,High,,,
cara jualan di carousell,70,$0.65 ,High,,,
cara menjual produk digital di tokopedia,70,$0.58 ,High,,,
jualan di aliexpress,50,$0.39 ,Medium,,,
usaha dropship shopee,50,$0.47 ,Low,,,
cara membuat akun toko di tokopedia,50,$0.53 ,High,,,
cara jualan dropship di tokopedia,50,$0.17 ,Low,,,
cara menjual di itemku,40,$0.29 ,High,,,
cara jual tokopedia,110,$0.23 ,Medium,,,
jualan online dropship,40,$0.24 ,Low,,,
berjualan di jd id,30,$1.63 ,High,,,
suka duka jualan online shop,30,$0.01 ,High,,,
cara dropship agar laris,30,$0.20 ,Low,,,
cara jualan di marketplace facebook biar laris,30,$0.26 ,High,,,
jualan produk digital di tokopedia,110,$0.51 ,Medium,,,
cara laku jualan di shopee,20,$0.48 ,Medium,,,
idea jualan online,10,$0.01 ,Low,,,
cara jualan di sayurbox,30,$0.28 ,High,,,
cara jualan di redbubble,30,$0.01 ,High,,,
jualan di shopify,30,$0.27 ,Low,,,
cara jual di shopee tanpa modal,10,$0.21 ,Medium,,,
cara menjual skincare,20,$0.08 ,High,,,
jualan sampingan sambil kerja,30,$0.12 ,Medium,,,
cara menjual di facebook marketplace,20,$0.34 ,High,,,
berjualan di facebook marketplace,20,$0.07 ,High,,,
cara jualan di creative market,20,$0.01 ,High,,,
cara agar produk laku di shopee,20,$0.15 ,Medium,,,
cara jualan di raena,20,$0.01 ,High,,,
jualan di carousell,30,$0.04 ,High,,,
mindset jualan online,20,$0.16 ,High,,,
cara laku jualan di tokopedia,20,$1.47 ,Medium,,,
dropship jualan online,20,$0.60 ,Low,,,
cara jual di jd id,320,$1.39 ,High,,,
menjual di tokopedia,20,$0.01 ,Medium,,,
usaha dropship baju,10,$0.25 ,Low,,,
suka duka jualan online,20,$0.01 ,High,,,
cara jual di gofood,320,$0.31 ,High,,,
jualanonline,50,$1.24 ,Medium,,,
barang yang laku di marketplace,20,$0.25 ,High,,,
bisnis online dropship tanpa modal,10,$0.49 ,Low,,,
cara jual barang import di shopee,30,$0.31 ,Medium,,,
mitra jualan online,20,$0.36 ,Low,,,
cara jualan di ecommerce luar negeri,20,$1.32 ,High,,,
cara jual frozen food di shopee,40,$0.09 ,Low,,,
cara jualan di ebay 2021,10,$1.02 ,High,,,
cara menjual di jd id,10,$2.24 ,High,,,
webinar jualan online,20,$0.20 ,High,,,
jualan di redbubble,10,$0.01 ,High,,,
7harilangsungclosing,0,$0.01 ,High,,,
cara jualan di lazada di hp,10,$0.01 ,High,,,
cara berjualan di redbubble,10,$0.01 ,High,,,
cara jual di aliexpress,210,$0.99 ,High,,,
jualan di sociolla,10,$0.40 ,High,,,
cara berjualan dropship di tokopedia,10,$0.09 ,Medium,,,
cara berjualan di ali express,140,$0.38 ,Medium,,,
sop jualan online,10,$0.01 ,High,,,
cara jualan aqua galon,30,$0.06 ,Low,,,
cara jualan di lazada dari hp,10,$0.01 ,High,,,
cara membuat toko tokopedia,10,$0.28 ,High,,,
usaha dropship tokopedia,10,$1.06 ,Low,,,
untung jualan baju,10,$0.01 ,High,,,
cara jualan di dropshipaja,10,$0.25 ,Low,,,
cara jual novel online,10,$0.01 ,High,,,
jualan dropship di tokopedia,10,$0.43 ,Low,,,
jualan go food dari rumah,10,$0.22 ,High,,,
cari supplier untuk jualan online,10,$0.56 ,Low,,,
cara menjadi penjual di lazada indonesia,10,$0.01 ,High,,,
cara jualan itemku,10,$0.01 ,High,,,
cara menjual barang import di shopee,10,$0.44 ,Medium,,,
cara jualan young living,10,$0.01 ,Low,,,
produk yang paling laku di online shop,10,$0.21 ,Medium,,,
cara jual case hp,40,$0.17 ,Low,,,
cara jualan laku di carousell,10,$0.01 ,High,,,
cara jualan di paxel,10,$0.01 ,Medium,,,
berjualan di shopify,10,$2.69 ,Medium,,,
usaha toko online dropship,10,$0.15 ,Medium,,,
cara ikut jualan di go food,10,$0.01 ,High,,,
usaha dropship 2020,10,$0.01 ,High,,,
jualan di jdid,10,$1.99 ,High,,,
berjualan frozen food,10,$0.06 ,Low,,,
berjualan di go food,10,$0.01 ,High,,,
cara jualan di traveloka eats,10,$0.21 ,High,,,
cara jualan etsy,10,$0.01 ,High,,,
cara membuka toko online tanpa modal,10,$0.28 ,Low,,,
cara jualan di lazada 2020,10,$0.01 ,High,,,
agar toko online laris,10,$0.16 ,High,,,
peluang usaha online shop dropship,10,$0.01 ,High,,,
usaha dim sum,260,$0.04 ,Low,,,
cara menjual di creative market,10,$0.01 ,High,,,
jualan di zilingo,10,$0.01 ,High,,,
usaha dropship online,10,$0.01 ,Low,,,
cara jualan di lazada android,10,$0.01 ,High,,,
agar toko shopee laris,10,$0.16 ,High,,,
ibu ibu jualan online,10,$0.01 ,High,,,
cara jualan shopeefood,0,$0.01 ,High,,,
cara menjual barang di lazada indonesia,10,$0.01 ,High,,,
cara jualan di jd,10,$0.01 ,High,,,
usaha dropship atau toko online,10,$0.01 ,High,,,
berjualan di market place,0,$0.01 ,High,,,
cara membuka toko online di bukalapak,10,$0.01 ,High,,,
cara jualan makeup online,10,$0.17 ,Low,,,
jualan tupperware online,10,$0.01 ,Low,,,
cara jualan kredit,10,$0.01 ,High,,,
cara jualan msglow,0,$0.01 ,High,,,
ide jualan online 2021,110,$0.28 ,Low,,,
ide jualan online 2020,30,$0.01 ,High,,,
idea jualan online,10,$0.01 ,Low,,,
trending jualan online,20,$0.68 ,Low,,,
ide jualan di tokopedia,20,$0.07 ,Medium,,,
mindset jualan online,20,$0.16 ,High,,,
cara laku jualan di tokopedia,20,$1.47 ,Medium,,,
barang yang laku di marketplace,20,$0.25 ,High,,,
cara jualan di ecommerce luar negeri,20,$1.32 ,High,,,
ide dagang online,30,$0.31 ,Low,,,
sop jualan online,10,$0.01 ,High,,,
cari supplier untuk jualan online,10,$0.56 ,Low,,,
jualan online yg lagi laris,30,$0.36 ,Low,,,
bahasa orang jualan online,10,$0.17 ,High,,,
cara membuka toko online tanpa modal,10,$0.28 ,Low,,,
agar toko online laris,10,$0.16 ,High,,,
ibu ibu jualan online,10,$0.01 ,High,,,
cara membuka toko online di bukalapak,10,$0.01 ,High,,,
cara jualan makeup online,10,$0.17 ,Low,,,
tips jualan di instagram,140,$0.14 ,High,,,
tips berjualan di instagram,70,$0.14 ,High,,,
cara menjual di instagram,40,$0.08 ,High,,,
jualan followers instagram,2900,$0.19 ,Low,,,
jago jualan di instagram 2.0 pdf,40,$0.01 ,Medium,,,
cara jualan instagram,20,$0.14 ,High,,,
cara jual di instagram,30,$0.25 ,Medium,,,
tips posting jualan di instagram,20,$0.36 ,High,,,
cara meningkatkan follower ig jualan,20,$0.12 ,Low,,,
cara memulai jualan di instagram,10,$0.08 ,High,,,
cara agar jualan di instagram laris,20,$0.25 ,High,,,
cara jualan like instagram,20,$0.14 ,Low,,,
cara meningkatkan jualan di instagram,10,$0.20 ,Medium,,,
tips jualan instagram,10,$0.14 ,High,,,
tata cara berjualan di instagram,10,$0.01 ,High,,,
cara agar online shop instagram laku,10,$0.01 ,High,,,
tips laris jualan di instagram,10,$0.01 ,High,,,
jualan di facebook atau instagram,10,$0.01 ,High,,,
cara menaikkan jualan di instagram,10,$0.16 ,High,,,
cara meningkatkan jualan online di instagram,10,$0.01 ,High,,,
cara menambah followers instagram jualan,10,$0.01 ,Low,,,
cara agar online shop di instagram laris,10,$0.01 ,High,,,
teknik jualan online di instagram,10,$0.14 ,High,,,
jualan follower instagram,10,$0.01 ,Low,,,
cara jual beli follower,20,$0.09 ,Low,,,
cara jual barang di shopee,2900,$0.20 ,Medium,,,
cara menjual di shopee,1000,$0.24 ,Low,,,
cara jual di shopee,27100,$0.21 ,Low,,,
cara jadi dropship di shopee,1900,$0.34 ,Low,,,
cara menjadi star seller di shopee,210,$0.43 ,High,,,
cara jadi star seller shopee,210,$0.21 ,High,,,
cara membuat akun seller shopee,140,$0.17 ,High,,,
cara jadi seller shopee,110,$0.21 ,Low,,,
cara menjual produk digital di shopee,140,$0.57 ,High,,,
jadi seller di shopee,70,$0.24 ,Medium,,,
tips jualan online di shopee,90,$0.27 ,Low,,,
cara menjual voucher di shopee,90,$0.28 ,High,,,
cara jual baju di shopee,110,$0.26 ,Low,,,
cara jualan di shopee malaysia,70,$0.27 ,High,,,
menjadi seller di shopee,70,$0.24 ,Low,,,
cara jual shopee,210,$0.18 ,Medium,,,
cara menjual di shopee 2021,30,$0.01 ,High,,,
cara jualan voucher di shopee,210,$0.31 ,High,,,
cara jualan netflix di shopee,110,$0.21 ,High,,,
cara jual barang di shopee 2020,10,$0.01 ,High,,,
usaha dropship shopee,50,$0.47 ,Low,,,
cara berjualan di shopee malaysia,40,$0.16 ,High,,,
cara menjual ebook di shopee,30,$0.58 ,High,,,
cara berjualan produk digital di shopee,40,$0.40 ,High,,,
cara jual dropship di shopee,320,$0.24 ,Low,,,
cara naikkan sales di shopee,10,$0.01 ,High,,,
cara daftar jual di shopee,30,$0.22 ,High,,,
teknik jualan di shopee,30,$0.13 ,Low,,,
tips jualan shopee,30,$0.15 ,Medium,,,
menjadi seller shopee,30,$0.15 ,Medium,,,
cara jual preloved di shopee,40,$0.21 ,Medium,,,
cara daftar akun seller shopee,20,$0.15 ,High,,,
cara jualan di shopee singapore,30,$0.13 ,High,,,
cara menjual dropship di shopee,20,$0.16 ,Low,,,
cara laku jualan di shopee,20,$0.48 ,Medium,,,
cara jual di shopee sebagai dropship,10,$0.19 ,High,,,
cara nak naikkan sale di shopee,0,$0.01 ,High,,,
cara membuat account jualan di shopee,20,$0.28 ,Medium,,,
cara menjual barang digital di shopee,30,$0.10 ,High,,,
cara jualan di shopee ke luar negeri,20,$0.12 ,High,,,
cara jual di shopee tanpa modal,10,$0.21 ,Medium,,,
cara jualan ebook di shopee,20,$0.18 ,High,,,
cara menjual barang dropship di shopee,20,$0.77 ,Low,,,
cara jual di shopee gratis ongkir,20,$0.19 ,High,,,
cara jualan di shopee dari luar negeri,20,$0.01 ,High,,,
cara agar produk laku di shopee,20,$0.15 ,Medium,,,
tutorial jual barang di shopee,10,$0.14 ,Medium,,,
cara berjualan voucher di shopee,20,$0.01 ,High,,,
jual rating shopee,20,$0.32 ,Medium,,,
cara masukin jualan ke shopee,20,$0.23 ,High,,,
jualan di shopee malaysia,20,$0.01 ,High,,,
cara daftar menjual di shopee,10,$0.32 ,High,,,
shopee cara jualan,20,$0.10 ,Medium,,,
tips agar jualan laku di shopee,20,$0.19 ,Medium,,,
cara jual barang di shopee 2021,10,$0.01 ,High,,,
jualan ebook di shopee,20,$0.01 ,High,,,
cara jual buku di shopee,10,$0.13 ,Low,,,
cara jual gratis ongkir di shopee,20,$0.18 ,Medium,,,
cara jual barang import di shopee,30,$0.31 ,Medium,,,
cara menjual netflix di shopee,10,$0.01 ,High,,,
jualan voucher di shopee,40,$0.18 ,Low,,,
cara nak buat jualan di shopee,10,$0.01 ,High,,,
cara jual barang di shopee malaysia,10,$0.01 ,High,,,
perbedaan jualan di shopee dan tokopedia,10,$0.01 ,High,,,
cara jual barang cod di shopee,10,$0.46 ,Medium,,,
cara jual barang di shopee live,10,$0.21 ,High,,,
cara menjual barang pre order di shopee,10,$0.81 ,High,,,
cara menjual gratis ongkir di shopee,10,$0.01 ,High,,,
tips membuka toko di shopee,10,$0.10 ,Medium,,,
tips jualan laku di shopee,10,$0.28 ,High,,,
jualan di shopee tapi dropship,10,$0.97 ,Medium,,,
cara nak jual barang di shoppe,0,$0.01 ,High,,,
cara jual di shopee 2020,10,$0.01 ,High,,,
beli di shopee jual di tokopedia,10,$0.01 ,Low,,,
cara menjual barang import di shopee,10,$0.44 ,Medium,,,
cara jualan aplikasi premium di shopee,10,$0.01 ,Medium,,,
tutorial jual di shopee,10,$0.15 ,Medium,,,
cara jualan free ongkir di shopee,10,$0.01 ,Low,,,
cara buat akun seller di shopee,10,$0.17 ,High,,,
cara jadi star seller di tokopedia,10,$0.01 ,High,,,
cara jual barang second di shopee,10,$0.35 ,Medium,,,
cara jual pc di shopee,10,$0.01 ,Low,,,
cara cara jual di shopee,10,$0.01 ,Low,,,
cara jualan baju preloved di shopee,10,$0.01 ,High,,,
cara jual di shopee 2021,10,$0.01 ,High,,,
cara jual uc di shopee,10,$0.26 ,Low,,,
cara jualan di shopee agar free ongkir,10,$0.09 ,High,,,
cara daftar jadi star seller shopee,10,$0.01 ,High,,,
cara jualan di shopee pc,10,$0.01 ,High,,,
cara jual top up game di shopee,20,$0.20 ,High,,,
cara jualan shopee free ongkir,10,$0.31 ,Medium,,,
cara daftar menjadi star seller di shopee,10,$0.17 ,High,,,
cara jual di shopee free ongkir,10,$0.18 ,High,,,
cara agar menjadi star seller di shopee,10,$0.01 ,High,,,
cara jual album kpop di shopee,10,$0.01 ,Low,,,
cara jualan di marketplace facebook,320,$0.17 ,Medium,,,
tips jualan di marketplace facebook,140,$0.25 ,High,,,
cara menjual makanan di marketplace facebook,70,$0.20 ,High,,,
jualan di facebook marketplace,90,$0.34 ,High,,,
cara menjual di marketplace fb,40,$0.11 ,High,,,
tips berjualan di marketplace,40,$0.24 ,Medium,,,
cara jual barang di marketplace fb,20,$0.16 ,High,,,
cara jualan di marketplace facebook biar laris,30,$0.19 ,High,,,
jual makanan di marketplace facebook,30,$0.17 ,High,,,
cara menjual di facebook marketplace,20,$0.25 ,High,,,
berjualan di facebook marketplace,20,$0.05 ,High,,,
trik jualan di marketplace,20,$0.12 ,Medium,,,
teknik jualan di marketplace,10,$0.01 ,High,,,
barang yang laku di marketplace,20,$0.18 ,High,,,
tips jualan laris di marketplace,10,$0.01 ,High,,,
jualan di marketplace atau di toko online sendiri,10,$0.01 ,High,,,
berjualan di market place,0,$0.01 ,High,,,
freelance copywriter,880,$0.24 ,Medium,,,
seo copywriting,210,$0.70 ,High,,,
breakthrough advertising,30,$0.07 ,High,,,
gary halbert,70,$0.01 ,High,,,
junior copywriter,20,$0.01 ,High,,,
copywriting services,30,$0.84 ,High,,,
direct response copywriting,30,$0.01 ,High,,,
ai copywriting,40,$0.42 ,Medium,,,
copywriting for beginners,20,$0.56 ,Medium,,,
website copywriting,170,$1.02 ,High,,,
email copywriting,30,$1.61 ,High,,,
english copywriting,20,$0.01 ,High,,,
sales copy,20,$0.34 ,High,,,
john carlton,10,$0.01 ,High,,,
copywriting agency,30,$0.35 ,High,,,
the adweek copywriting handbook,30,$0.06 ,High,,,
marketing copywriter,140,$0.24 ,High,,,
digital copywriter,20,$1.70 ,High,,,
aida copywriting,260,$0.04 ,High,,,
advertising copywriter,70,$0.01 ,High,,,
ux copywriter,70,$0.80 ,High,,,
copy marketing,10,$0.01 ,High,,,
clayton makepeace,10,$0.01 ,High,,,
copywriting ai,40,$0.37 ,Medium,,,
seo copywriting services,10,$0.01 ,High,,,
web copywriting,70,$0.68 ,High,,,
joanna wiebe,10,$0.01 ,High,,,
john caples,10,$0.01 ,High,,,
jarvis copywriting,10,$0.04 ,High,,,
jarvis ai copywriting,10,$0.01 ,High,,,
medical copywriter,10,$0.01 ,High,,,
gary halbert letters,10,$0.01 ,High,,,
fiverr copywriter,20,$0.13 ,Medium,,,
website copywriting services,10,$0.01 ,High,,,
udemy copywriting,20,$0.76 ,High,,,
conversion copywriting,10,$0.01 ,High,,,
b2b copywriting,10,$0.01 ,High,,,
dan lok copywriting,10,$1.09 ,Low,,,
seo copy,10,$0.01 ,High,,,
content and copywriting,20,$0.01 ,High,,,
social media copywriter,90,$0.74 ,High,,,
arti copywriting,390,$0.02 ,High,,,
copywriting business,20,$0.01 ,High,,,
landing page copywriting,110,$0.49 ,High,,,
best copywriters,40,$0.01 ,High,,,
sales copywriting,50,$0.58 ,High,,,
saas copywriter,10,$0.01 ,High,,,
copywriting 101,40,$0.01 ,High,,,
copywriting online,40,$0.87 ,Medium,,,
persuasive copywriting,40,$0.01 ,High,,,
david garfinkel,10,$0.01 ,High,,,
ad copywriting,70,$0.01 ,High,,,
copywriting marketing digital,10,$14.93 ,High,,,
real estate copywriting,10,$0.01 ,High,,,
awai copywriting,10,$0.01 ,High,,,
content copywriter,50,$1.14 ,High,,,
famous copywriters,10,$0.01 ,High,,,
technical copywriter,20,$0.01 ,High,,,
ayat copywriting,10,$0.01 ,High,,,
professional copywriter,10,$0.01 ,High,,,
adweek copywriting handbook,10,$1.35 ,High,,,
ian stanley copywriter,10,$0.01 ,High,,,
copywriting company,10,$0.74 ,High,,,
product copywriter,30,$0.01 ,High,,,
copywriting masterclass,10,$0.01 ,High,,,
best copywriters in the world,10,$0.01 ,High,,,
seo copywriting agency,10,$0.01 ,High,,,
best copywriting ads,20,$0.01 ,High,,,
fashion copywriter,140,$0.15 ,High,,,
copywriting formula,50,$0.01 ,High,,,
copywrote,10,$0.01 ,High,,,
joe coleman copywriter,10,$0.01 ,High,,,
dan kennedy copywriting,10,$0.01 ,High,,,
coursera copywriting,10,$0.40 ,Medium,,,
danny margulies,10,$0.01 ,High,,,
ecommerce copywriter,10,$0.01 ,High,,,
beauty copywriter,10,$0.01 ,High,,,
financial copywriter,10,$0.01 ,High,,,
brand copywriter,70,$7.29 ,High,,,
freelance copywriter website,10,$0.16 ,High,,,
agora copywriting,10,$0.01 ,High,,,
copywriting and content writing,40,$0.01 ,High,,,
kursus copywriting,210,$0.35 ,Medium,,,
top copywriters,10,$0.01 ,High,,,
jr copywriter,10,$0.01 ,High,,,
david deutsch copywriter,10,$0.01 ,High,,,
seo web copywriting,0,$0.01 ,High,,,
koleksi copywriting,10,$0.01 ,High,,,
parris lampropoulos,10,$0.01 ,High,,,
cara buat copywriting,50,$0.58 ,High,,,
copywriter near me,10,$0.01 ,High,,,
joel klettke,10,$0.01 ,High,,,
gary halbert copywriting,10,$0.01 ,High,,,
good copywriting,20,$0.01 ,High,,,
travel copywriter,10,$0.01 ,Low,,,
skillshare copywriting,10,$1.90 ,High,,,
copywriting swipe file,10,$0.01 ,High,,,
jobdesk copywriter,170,$0.01 ,High,,,
conversion ai jarvis,10,$0.01 ,High,,,
moxie copywriting,10,$0.01 ,High,,,
seo copywriter freelance,10,$0.01 ,High,,,
technology copywriter,10,$0.01 ,High,,,
copywriting experience,10,$0.01 ,High,,,
web copywriting services,10,$0.83 ,High,,,
legal copywriter,10,$0.01 ,High,,,
cara copywriting,110,$0.09 ,High,,,
copywriting facebook ads,20,$0.47 ,High,,,
food copywriting,40,$0.01 ,High,,,
easy copywriting,140,$0.05 ,Low,,,
storytelling copywriting,40,$0.01 ,High,,,
apple copywriting,40,$0.06 ,High,,,
soft sell copywriting,20,$0.04 ,High,,,
neuro copywriting,10,$0.01 ,High,,,
freelance copy writer,10,$0.01 ,High,,,
breakthrough copywriting,10,$0.01 ,Low,,,
b2b saas copywriter,10,$0.01 ,High,,,
copywriting cost,10,$0.01 ,High,,,
digital marketing copywriter,50,$11.09 ,High,,,
gary halbert boron letters,10,$0.01 ,High,,,
copywriting prices,10,$0.01 ,High,,,
backlinko copywriting,10,$0.01 ,High,,,
direct response copy,10,$0.01 ,High,,,
professional copywriting services,10,$0.01 ,High,,,
formula copywriting,90,$0.07 ,High,,,
hard sell copywriting,10,$0.01 ,High,,,
ad copywriter,10,$0.01 ,High,,,
best copywriter websites,10,$0.01 ,High,,,
john carlton copywriting,10,$0.01 ,High,,,
copywriter darbas,0,$0.01 ,High,,,
english copy writing,10,$0.01 ,High,,,
copy writing services,10,$0.01 ,High,,,
cold email copywriting,10,$0.01 ,High,,,
copy writing ai,10,$0.46 ,High,,,
effective copywriting,10,$0.01 ,High,,,
masterclass copywriting,10,$0.01 ,Medium,,,
seo website copywriting,10,$0.01 ,High,,,
email copywriting services,10,$0.01 ,High,,,
healthcare copywriter,10,$0.01 ,High,,,
hiring copywriters,20,$0.16 ,High,,,
tech copywriter,10,$0.01 ,High,,,
sales page copywriting,10,$0.01 ,High,,,
copywriting email marketing,20,$0.01 ,High,,,
vsl copywriting,10,$0.01 ,High,,,
smart copywriting,10,$0.01 ,High,,,
nlp copywriting,10,$0.01 ,High,,,
jon benson copywriter,10,$0.01 ,High,,,
copywriting for creatives,10,$0.01 ,High,,,
launch copywriter,0,$0.01 ,High,,,
persuasive copy,10,$0.01 ,High,,,
copywriting cena,0,$0.01 ,High,,,
small business copywriter,10,$0.01 ,High,,,
kopywriting,10,$0.01 ,High,,,
best ai copywriter,10,$0.01 ,High,,,
copywriting hard sell,10,$0.01 ,High,,,
landing page copywriter,10,$0.01 ,High,,,
copywriting website content,10,$0.52 ,High,,,
email swipe file,10,$0.01 ,High,,,
copywriting newsletter,10,$0.96 ,High,,,
content copywriting services,10,$0.01 ,High,,,
ai copy writing,10,$0.01 ,High,,,
personal finance copywriter,0,$0.01 ,High,,,
copywriting dan lok,10,$0.01 ,High,,,
conversational copywriting,10,$0.01 ,High,,,
kata kata copywriting,110,$0.01 ,High,,,
copywriting sites,10,$0.01 ,Low,,,
ai powered copywriting,10,$0.01 ,High,,,
copywriter needed,10,$0.01 ,High,,,
introduction to copywriting,10,$0.01 ,High,,,
copywriting for facebook ads,10,$0.01 ,High,,,
seo and copywriting,10,$0.01 ,High,,,
ai copy writer,10,$0.89 ,High,,,
copywriting promosi,90,$2.05 ,High,,,
gary halbert ads,10,$0.01 ,High,,,
sustainability copywriter,10,$0.01 ,High,,,
copywriting design,30,$0.01 ,High,,,
malt copywriter,10,$0.01 ,High,,,
bossy copywriting,10,$0.01 ,High,,,
gary halbert swipe file,10,$0.01 ,High,,,
copywriter content writer,40,$0.01 ,High,,,
fitness copywriter,10,$0.01 ,High,,,
copywriting fees,10,$0.01 ,High,,,
4 line copywriting,0,$0.01 ,High,,,
formula aida copywriting,10,$0.01 ,High,,,
wellness copywriter,10,$0.01 ,High,,,
copywriting coursera,10,$0.01 ,High,,,
aida copywriting formula,10,$0.01 ,High,,,
copywriting perfume,10,$0.01 ,High,,,
copywriter for coaches,0,$0.01 ,High,,,
copywriting handbook,10,$0.01 ,High,,,
freelance copywriting services,10,$0.01 ,High,,,
robert allen copywriter,10,$0.01 ,High,,,
best copywriters of all time,10,$0.01 ,High,,,
copywriting consultant,10,$0.01 ,High,,,
personal development copywriter,10,$0.01 ,High,,,
luxury copywriter,10,$0.01 ,High,,,
seo copywriting company,0,$0.01 ,High,,,
copywriting 2021,10,$0.01 ,High,,,
kevin rogers copywriter,10,$0.01 ,High,,,
cara menulis copywriting,50,$0.01 ,High,,,
copywriting in digital marketing,10,$0.01 ,High,,,
professional website copywriting services,10,$0.01 ,High,,,
acd copywriter,10,$0.01 ,High,,,
copywritingcourse,210,$1.02 ,Medium,,,
freelance web copywriter,10,$0.01 ,High,,,
gary halbert sales letters,10,$0.01 ,High,,,
retail copywriting,10,$0.01 ,High,,,
sales funnel copywriting,10,$0.01 ,High,,,
conceptual copywriter,0,$0.01 ,High,,,
struktur copywriting,70,$0.01 ,High,,,
fintech copywriter,10,$0.01 ,High,,,
it copywriter,10,$0.01 ,High,,,
writing marketing copy,10,$0.01 ,High,,,
the copywriter,10,$0.01 ,High,,,
b2b copywriting services,10,$0.01 ,High,,,
direct mail copywriter,10,$0.01 ,High,,,
tom albrighton,10,$0.01 ,High,,,
usp copywriting,10,$0.01 ,High,,,
copywrong to copywriter,10,$0.01 ,High,,,
marathi copywriting,0,$0.01 ,High,,,
marketing digital copywriting,10,$0.01 ,High,,,
ui copywriting,10,$1.46 ,High,,,
rowan martin copywriter,10,$0.01 ,High,,,
john caples tested advertising methods,10,$0.01 ,High,,,
copy writing in kannada,10,$0.01 ,High,,,
claude hopkins ads,10,$0.01 ,High,,,
copywriting framework,10,$0.01 ,High,,,
copywriting projects,10,$0.01 ,High,,,
top copywriters in the world,10,$0.01 ,High,,,
freelance b2b copywriter,10,$0.01 ,High,,,
frank kern copywriting,10,$0.01 ,High,,,
aida formula copywriting,10,$0.01 ,High,,,
best freelance copywriter websites,10,$0.01 ,High,,,
david ogilvy copywriting,10,$0.01 ,High,,,
quest copywriting,10,$0.01 ,High,,,
financial services copywriting,10,$0.01 ,High,,,
outsource copywriting,10,$0.01 ,High,,,
swipe copywriting,10,$0.01 ,Low,,,
copywriting on fiverr,10,$0.01 ,High,,,
christmas copywriting,10,$0.01 ,High,,,
lead copywriter,10,$0.01 ,High,,,
b2b technology copywriter,10,$0.01 ,High,,,
basic copywriting,40,$0.60 ,High,,,
spanish copywriter,10,$0.01 ,High,,,
copy writer ai,10,$0.25 ,High,,,
copywriting product descriptions,10,$0.05 ,High,,,
jarvis content writer,10,$0.01 ,High,,,
ai for copywriting,10,$1.40 ,High,,,
hubspot copywriting,10,$0.01 ,High,,,
pastor copywriting formula,10,$0.01 ,High,,,
mooc copywriting,10,$0.01 ,High,,,
seo copy writing,10,$0.01 ,High,,,
the gary halbert letters,10,$0.01 ,High,,,
ecommerce copywriting services,0,$0.01 ,High,,,
great copywriting,10,$0.01 ,High,,,
killer copywriting,10,$0.01 ,High,,,
copywriting whatsapp,20,$0.60 ,High,,,
great copy,10,$0.01 ,High,,,
mike palmer copywriter,10,$0.01 ,High,,,
content & copywriting,10,$0.01 ,High,,,
pet copywriter,10,$0.01 ,High,,,
corporate copywriting,10,$0.01 ,High,,,
black copywriters,10,$0.01 ,High,,,
copywriting property,50,$0.01 ,High,,,
nonprofit copywriter,10,$0.01 ,High,,,
facebook ad copywriting,10,$0.01 ,High,,,
copywriting services online,10,$0.01 ,High,,,
unlimited copywriting,0,$0.01 ,High,,,
copywriter editor,10,$0.01 ,High,,,
website copywriting agency,10,$0.01 ,High,,,
10x freelance copywriter,10,$0.01 ,High,,,
pastor copywriting,10,$0.01 ,High,,,
michel fortin copywriter,10,$0.01 ,High,,,
david garfinkel copywriter,10,$0.01 ,High,,,
ad copy writing,10,$0.01 ,High,,,
funnel copywriting,10,$0.01 ,High,,,
dan ferrari copywriter,10,$0.01 ,High,,,
direct copywriting,10,$0.01 ,High,,,
b2c copywriting,10,$0.01 ,High,,,
copywriting psychology,10,$0.01 ,High,,,
kenneth yu copywriter,10,$0.01 ,High,,,
edm copywriting,10,$0.01 ,High,,,
hypnotic copywriting,30,$0.01 ,High,,,
copywriting soft sell,20,$0.01 ,High,,,
brochure copywriting,10,$0.01 ,High,,,
copywriting strategy,20,$0.01 ,High,,,
seo copywriting expert,0,$0.01 ,High,,,
emotional copywriting,10,$0.01 ,High,,,
spiritual copywriter,10,$0.01 ,High,,,
wedding copywriter,10,$0.01 ,High,,,
coffee copywriting,10,$0.01 ,High,,,
interior design copywriter,10,$0.01 ,High,,,
content marketing copywriter,10,$0.01 ,High,,,
pr copywriter,10,$0.01 ,High,,,
neville copywriting,0,$0.01 ,High,,,
copywriting studio,10,$0.01 ,Low,,,
white label copywriting,10,$0.01 ,High,,,
writing web copy,10,$0.01 ,High,,,
comma copywriters,0,$0.01 ,High,,,
copywriting services near me,0,$0.01 ,High,,,
best seo copywriting services,10,$0.01 ,High,,,
john mcintyre copywriter,10,$0.01 ,High,,,
bilingual copywriter,10,$0.01 ,High,,,
copy ux,10,$0.01 ,High,,,
science copywriter,10,$0.01 ,High,,,
copywriting help,10,$0.91 ,High,,,
pharmaceutical copywriter,10,$0.01 ,High,,,
7 figure copywriting,10,$0.01 ,High,,,
curs de copywriting,0,$0.01 ,High,,,
best copywriters in the world 2020,10,$0.01 ,High,,,
copywriting services prices,10,$0.01 ,High,,,
agora financial copywriting,10,$0.01 ,High,,,
junior copy writer,10,$0.01 ,High,,,
copywriting backlinko,10,$0.01 ,High,,,
ad copy ai,10,$0.01 ,High,,,
jason capital copywriting,10,$0.01 ,High,,,
digital copywriting services,0,$0.01 ,High,,,
storybrand copywriter,10,$0.01 ,High,,,
storytelling in copywriting,10,$0.01 ,High,,,
john forde copywriter,10,$0.01 ,High,,,
the email copywriter,0,$0.01 ,High,,,
copywriter freelance online,10,$0.44 ,High,,,
confident copywriting,10,$0.01 ,High,,,
ogilvy copywriter,10,$0.01 ,High,,,
gary halbert newsletter,10,$0.01 ,High,,,
copywriting e storytelling,0,$0.01 ,High,,,
seo friendly copywriting,10,$0.01 ,High,,,
copywriting dan content writing,90,$0.13 ,High,,,
alan sharpe copywriter,10,$0.01 ,High,,,
pro copywriters,10,$0.01 ,High,,,
formula pastor copywriting,0,$0.01 ,High,,,
robert bly copywriter,10,$0.01 ,High,,,
seo website content writing,10,$0.01 ,High,,,
jarvis content ai,10,$0.01 ,Medium,,,
the adweek copywriting handbook by joseph sugarman,10,$0.01 ,High,,,
b2b copy,10,$0.01 ,High,,,
funny copywriting,10,$0.01 ,High,,,
associate copywriter,10,$0.01 ,High,,,
the luxury copywriter,10,$0.01 ,High,,,
formula fab copywriting,30,$0.01 ,Low,,,
bill bonner copywriter,10,$0.01 ,High,,,
facebook copywriter,10,$0.01 ,High,,,
framework copywriting,10,$0.01 ,High,,,
ui ux copywriting,10,$0.01 ,High,,,
stefan georgi copywriter,0,$0.01 ,High,,,
trainee copywriter,10,$0.01 ,High,,,
copywriting malayalam,0,$0.01 ,High,,,
web content copywriter,10,$0.01 ,High,,,
copywriting hubspot,10,$0.01 ,High,,,
copywriting and storytelling,10,$0.01 ,High,,,
press release copywriting,10,$0.01 ,High,,,
freelance advertising copywriter,10,$0.01 ,High,,,
john caples copywriting,10,$0.01 ,High,,,
copywriter for female entrepreneurs,10,$0.01 ,High,,,
freelance beauty copywriter,10,$0.01 ,High,,,
freelance copywriter online,40,$0.25 ,Medium,,,
site de copywriting,0,$0.01 ,High,,,
vikki ross copywriter,10,$0.01 ,High,,,
copywriting graphic design,10,$0.01 ,High,,,
ethical copywriting,10,$0.01 ,High,,,
looking for copywriter,10,$0.01 ,High,,,
dental copywriter,10,$0.01 ,High,,,
conversion copywriting 101,10,$0.01 ,High,,,
aida in copywriting,10,$0.01 ,High,,,
todd brown copywriting,10,$0.01 ,High,,,
seo copy writer,10,$0.01 ,High,,,
chatbot copywriting,10,$0.01 ,High,,,
richard foster copywriter,10,$0.01 ,High,,,
mel martin copywriter,0,$0.01 ,High,,,
ad copywriting services,10,$0.01 ,High,,,
list of copywriting services,10,$0.01 ,High,,,
business to business copywriting,0,$0.01 ,High,,,
copywriter it,10,$0.01 ,High,,,
nichesss ai copywriter,10,$0.01 ,High,,,
john carlton ads,0,$0.01 ,High,,,
quiky copywriting,0,$0.01 ,High,,,
best copywriting services,10,$0.01 ,High,,,
lifestyle copywriter,10,$0.01 ,High,,,
construction copywriter,10,$0.01 ,High,,,
content marketing and copywriting,10,$0.01 ,High,,,
copywriting for therapists,10,$0.01 ,High,,,
best email copywriters,10,$0.01 ,High,,,
commercial copywriting,10,$0.01 ,High,,,
copywriter cursos,10,$0.01 ,High,,,
midweight copywriter,10,$0.01 ,High,,,
treacle copywriting,10,$0.01 ,High,,,
digital copywriting agency,10,$0.01 ,High,,,
promotion copywriting,10,$0.01 ,High,,,
website copy writing,10,$1.17 ,High,,,
ben settle copywriting,10,$0.01 ,High,,,
crypto copywriter,10,$0.01 ,High,,,
perfume copywriting,10,$0.01 ,High,,,
copywriting expert,10,$0.01 ,High,,,
best copywriting ai,10,$0.01 ,High,,,
script copywriting,10,$0.01 ,High,,,
automotive copywriter,10,$0.01 ,High,,,
copywriting for beauty products,10,$0.01 ,High,,,
seo copywriting backlinko,10,$0.01 ,High,,,
b2b copywriting agency,10,$0.01 ,High,,,
pointed copywriting,0,$0.01 ,High,,,
web copywriter freelance,10,$0.01 ,High,,,
website copy writer,10,$0.01 ,High,,,
copywriting for conversion alison,0,$0.01 ,High,,,
boron letters gary halbert,10,$0.01 ,High,,,
freelance medical copywriter,10,$0.01 ,High,,,
jewelry copywriting,10,$0.01 ,High,,,
b2b email copywriter,10,$0.01 ,High,,,
copywriting skillshare,10,$2.66 ,High,,,
business copywriting services,0,$0.01 ,High,,,
copy writing secrets,10,$0.01 ,High,,,
copywriting kursus,20,$0.04 ,Low,,,
scott haines copywriter,10,$0.01 ,High,,,
to copywrite,0,$0.01 ,High,,,
lead copywriting,10,$0.01 ,High,,,
copyright copywrite,10,$0.01 ,High,,,
copywriting methods,10,$0.01 ,High,,,
web copy writer,10,$0.01 ,High,,,
sports copywriter,10,$0.01 ,High,,,
copywriting for products,10,$0.01 ,High,,,
neville medhora copywriting,10,$0.01 ,High,,,
political copywriting,10,$0.01 ,High,,,
copywriting sepatu,40,$0.29 ,High,,,
copywriter malt,10,$0.01 ,High,,,
copywriting from home,10,$0.01 ,High,,,
crm copywriter,10,$0.01 ,High,,,
copywriter for photographers,10,$0.01 ,High,,,
copywriting mastery,10,$0.01 ,Low,,,
fab copywriting,10,$0.01 ,High,,,
find copywriters,10,$0.01 ,High,,,
richest copywriters in the world,0,$0.01 ,High,,,
aida framework copywriting,10,$0.01 ,High,,,
copywriter malm,0,$0.01 ,High,,,
copywriting crew,10,$0.01 ,High,,,
copywriting journalism,10,$0.01 ,High,,,
white label copywriting services,10,$0.01 ,High,,,
seo content copywriter,10,$0.01 ,High,,,
shopify copywriting,10,$0.01 ,High,,,
copy writing in english,10,$0.01 ,High,,,
copywriting and proofreading,10,$0.01 ,High,,,
fomo copywriting,10,$0.01 ,High,,,
junior copyright,10,$0.01 ,High,,,
site copywriting,10,$0.01 ,High,,,
copywriting for artists,10,$0.01 ,High,,,
copywriting for digital marketing,10,$0.37 ,High,,,
female copywriter,10,$0.01 ,High,,,
copyright seo,10,$0.13 ,High,,,
cara buat ayat copywriting,0,$0.01 ,High,,,
bucket brigade copywriting,10,$0.01 ,High,,,
homepage copywriting,10,$0.01 ,Low,,,
copywriting e copyright,0,$0.01 ,High,,,
copywriting mentalist,10,$0.01 ,High,,,
cryptocurrency copywriter,10,$0.01 ,High,,,
copywriter shopee,30,$0.11 ,Medium,,,
scientific copywriter,10,$0.01 ,High,,,
nike copywriting,10,$0.01 ,High,,,
b2b website copywriter,0,$0.01 ,High,,,
successful copywriters,10,$0.01 ,High,,,
advertising and copywriting,10,$0.01 ,High,,,
captivating copywriting,10,$0.01 ,High,,,
gary herbert copywriter,0,$0.01 ,High,,,
best sales copy,10,$0.01 ,High,,,
webcopywriting,10,$0.01 ,High,,,
social copywriter,0,$0.01 ,High,,,
cbd copywriter,10,$0.01 ,High,,,
beauty and wellness copywriter,0,$0.01 ,High,,,
kursus copywriting online,30,$0.36 ,Low,,,
certified copywriter,30,$0.55 ,Medium,,,
web design and copywriting,10,$0.01 ,High,,,
bill mueller copywriter,10,$0.01 ,High,,,
best direct response copywriters,10,$0.01 ,High,,,
copy writing agency,10,$0.68 ,High,,,
copywriting framework aida,10,$0.01 ,High,,,
ben settle email,10,$0.01 ,High,,,
sales copywriting services,0,$0.01 ,High,,,
visual copywriting,10,$0.01 ,High,,,
google copywriting,10,$0.01 ,High,,,
bishopsgate copywriting,0,$0.01 ,High,,,
top 10 copywriters in the world,10,$0.01 ,High,,,
seo copywriting for beginners,10,$0.01 ,High,,,
copy copywriting,10,$0.01 ,High,,,
copyright e copywriting,0,$0.01 ,High,,,
freelance writing and copywriting,0,$0.01 ,High,,,
best copywriting agencies,10,$0.01 ,High,,,
copywriting for creative entrepreneurs,0,$0.01 ,High,,,
copywriting for fashion brands,10,$0.01 ,High,,,
ux copy writing,10,$0.01 ,High,,,
writer copywriter,10,$0.01 ,High,,,
copywriting for conversion,10,$0.01 ,High,,,
copywriting letters,10,$0.01 ,High,,,
copy for writing,0,$0.01 ,High,,,
social media copywriting services,0,$0.01 ,High,,,
dan lok copywriting secrets,10,$0.01 ,High,,,
copywriting quora,10,$0.01 ,High,,,
copywriting twitter,10,$0.01 ,High,,,
freelance financial copywriter,10,$0.01 ,High,,,
saas seo copywriter,0,$0.01 ,High,,,
freelance email copywriter,10,$0.01 ,High,,,
copywriting fb ads,10,$0.01 ,High,,,
brian dean copywriting,10,$0.01 ,High,,,
copywriting and marketing,10,$0.01 ,High,,,
dave harland copywriter,10,$0.01 ,High,,,
